run,gold,Precision@5,Precision@10,Recall@10,MAP,nDCG@5,nDCG@10
BM25,combined,0.7222222222222223,0.4722222222222222,0.8493165784832452,0.7317814275916127,0.8306640233336494,0.8392004660428096
TF-IDF,combined,0.7,0.5,0.8989197530864198,0.7909984322947285,0.8354223394850451,0.8781463285083518
