run,gold,Precision@5,Precision@10,Recall@10,MAP,nDCG@5,nDCG@10
BM25 + Social,combined,0.6777777777777778,0.46666666666666656,0.844753086419753,0.7411164388594944,0.8276040347458559,0.8511165399471912
