run,gold,Precision@5,Precision@10,Recall@10,MAP,nDCG@5,nDCG@10
full_social,combined,0.6777777777777778,0.46666666666666656,0.844753086419753,0.7411164388594944,0.8276040347458559,0.8511165399471912
without_community_score,combined,0.7333333333333334,0.4888888888888888,0.8850308641975309,0.7642429085831863,0.842156449199612,0.8613056776255614
without_credibility_score,combined,0.6777777777777778,0.46666666666666656,0.844753086419753,0.7305785199882422,0.8213232902037519,0.846336206234125
without_author_influence_score,combined,0.6777777777777778,0.4555555555555555,0.8354938271604938,0.7268494897959182,0.8213854150159684,0.8382860336922224
without_freshness_score,combined,0.6888888888888889,0.46666666666666656,0.844753086419753,0.7367709558103076,0.8354797091188692,0.8476709615962738
without_engagement_score,combined,0.6888888888888889,0.461111111111111,0.8354938271604939,0.7351105179726211,0.8371349289704674,0.8468920141917237
without_sentiment_alignment_score,combined,0.6777777777777777,0.46666666666666656,0.844753086419753,0.7370085611405055,0.8258734094469816,0.8486236217218422
